043f36a,2026-02-20T11:45:22.644,NVIDIA A100 80GB PCIe,Float32,"(128, 128, 64, 2)",5,circulant_similarity,0.261601
043f36a,2026-02-20T11:45:22.644,NVIDIA A100 80GB PCIe,Float32,"(128, 128, 64, 2)",5,circulant_attention,0.196351
043f36a,2026-02-20T11:45:22.644,NVIDIA A100 80GB PCIe,Float32,"(128, 128, 64, 2)",5,softmax,0.053232
043f36a,2026-02-20T11:45:22.644,NVIDIA A100 80GB PCIe,Float32,"(128, 128, 64, 2)",15,circulant_similarity,1.7993815
043f36a,2026-02-20T11:45:22.644,NVIDIA A100 80GB PCIe,Float32,"(128, 128, 64, 2)",15,circulant_attention,1.420927
043f36a,2026-02-20T11:45:22.644,NVIDIA A100 80GB PCIe,Float32,"(128, 128, 64, 2)",15,softmax,0.1371525
043f36a,2026-02-20T11:45:22.644,NVIDIA A100 80GB PCIe,Float32,"(128, 128, 64, 2)",25,circulant_similarity,4.8215975
043f36a,2026-02-20T11:45:22.644,NVIDIA A100 80GB PCIe,Float32,"(128, 128, 64, 2)",25,circulant_attention,3.643721
043f36a,2026-02-20T11:45:22.644,NVIDIA A100 80GB PCIe,Float32,"(128, 128, 64, 2)",25,softmax,0.458689
043f36a,2026-02-20T11:45:22.644,NVIDIA A100 80GB PCIe,Float32,"(128, 128, 64, 2)",35,circulant_similarity,9.3510495
043f36a,2026-02-20T11:45:22.644,NVIDIA A100 80GB PCIe,Float32,"(128, 128, 64, 2)",35,circulant_attention,7.658583
043f36a,2026-02-20T11:45:22.644,NVIDIA A100 80GB PCIe,Float32,"(128, 128, 64, 2)",35,softmax,0.721534
043f36a,2026-02-20T11:45:22.644,NVIDIA A100 80GB PCIe,Float32,"(128, 128, 64, 2)",45,circulant_similarity,15.4627535
043f36a,2026-02-20T11:45:22.644,NVIDIA A100 80GB PCIe,Float32,"(128, 128, 64, 2)",45,circulant_attention,13.4598825
043f36a,2026-02-20T11:45:22.644,NVIDIA A100 80GB PCIe,Float32,"(128, 128, 64, 2)",45,softmax,1.143911
043f36a,2026-02-20T11:45:22.644,NVIDIA A100 80GB PCIe,ComplexF32,"(128, 128, 64, 2)",5,circulant_similarity,0.330199
043f36a,2026-02-20T11:45:22.644,NVIDIA A100 80GB PCIe,ComplexF32,"(128, 128, 64, 2)",5,circulant_attention,0.3636595
043f36a,2026-02-20T11:45:22.644,NVIDIA A100 80GB PCIe,ComplexF32,"(128, 128, 64, 2)",5,softmax,0.0450005
043f36a,2026-02-20T11:45:22.644,NVIDIA A100 80GB PCIe,ComplexF32,"(128, 128, 64, 2)",15,circulant_similarity,2.1040445
043f36a,2026-02-20T11:45:22.644,NVIDIA A100 80GB PCIe,ComplexF32,"(128, 128, 64, 2)",15,circulant_attention,2.488169
043f36a,2026-02-20T11:45:22.644,NVIDIA A100 80GB PCIe,ComplexF32,"(128, 128, 64, 2)",15,softmax,0.136322
043f36a,2026-02-20T11:45:22.644,NVIDIA A100 80GB PCIe,ComplexF32,"(128, 128, 64, 2)",25,circulant_similarity,5.5952115
043f36a,2026-02-20T11:45:22.644,NVIDIA A100 80GB PCIe,ComplexF32,"(128, 128, 64, 2)",25,circulant_attention,6.588955
043f36a,2026-02-20T11:45:22.644,NVIDIA A100 80GB PCIe,ComplexF32,"(128, 128, 64, 2)",25,softmax,0.4561765
043f36a,2026-02-20T11:45:22.644,NVIDIA A100 80GB PCIe,ComplexF32,"(128, 128, 64, 2)",35,circulant_similarity,10.848404
043f36a,2026-02-20T11:45:22.644,NVIDIA A100 80GB PCIe,ComplexF32,"(128, 128, 64, 2)",35,circulant_attention,14.3087105
043f36a,2026-02-20T11:45:22.644,NVIDIA A100 80GB PCIe,ComplexF32,"(128, 128, 64, 2)",35,softmax,0.7267485
043f36a,2026-02-20T11:45:22.644,NVIDIA A100 80GB PCIe,ComplexF32,"(128, 128, 64, 2)",45,circulant_similarity,17.6280005
043f36a,2026-02-20T11:45:22.644,NVIDIA A100 80GB PCIe,ComplexF32,"(128, 128, 64, 2)",45,circulant_attention,25.45807
043f36a,2026-02-20T11:45:22.644,NVIDIA A100 80GB PCIe,ComplexF32,"(128, 128, 64, 2)",45,softmax,1.141512
8532c4f,2026-02-20T15:48:38.993,NVIDIA A100 80GB PCIe,Float32,"(128, 128, 64, 2)",5,circulant_similarity,0.164247
8532c4f,2026-02-20T15:48:38.993,NVIDIA A100 80GB PCIe,Float32,"(128, 128, 64, 2)",5,circulant_attention,0.1981235
8532c4f,2026-02-20T15:48:38.993,NVIDIA A100 80GB PCIe,Float32,"(128, 128, 64, 2)",5,softmax,0.0519035
8532c4f,2026-02-20T15:48:38.993,NVIDIA A100 80GB PCIe,Float32,"(128, 128, 64, 2)",15,circulant_similarity,0.79233
8532c4f,2026-02-20T15:48:38.993,NVIDIA A100 80GB PCIe,Float32,"(128, 128, 64, 2)",15,circulant_attention,1.4645055
8532c4f,2026-02-20T15:48:38.993,NVIDIA A100 80GB PCIe,Float32,"(128, 128, 64, 2)",15,softmax,0.145442
8532c4f,2026-02-20T15:48:38.993,NVIDIA A100 80GB PCIe,Float32,"(128, 128, 64, 2)",25,circulant_similarity,2.057407
8532c4f,2026-02-20T15:48:38.993,NVIDIA A100 80GB PCIe,Float32,"(128, 128, 64, 2)",25,circulant_attention,3.6655075
8532c4f,2026-02-20T15:48:38.993,NVIDIA A100 80GB PCIe,Float32,"(128, 128, 64, 2)",25,softmax,0.4559605
8532c4f,2026-02-20T15:48:38.993,NVIDIA A100 80GB PCIe,Float32,"(128, 128, 64, 2)",35,circulant_similarity,4.1851415
8532c4f,2026-02-20T15:48:38.993,NVIDIA A100 80GB PCIe,Float32,"(128, 128, 64, 2)",35,circulant_attention,7.3305025
8532c4f,2026-02-20T15:48:38.993,NVIDIA A100 80GB PCIe,Float32,"(128, 128, 64, 2)",35,softmax,0.7232375
8532c4f,2026-02-20T15:48:38.993,NVIDIA A100 80GB PCIe,Float32,"(128, 128, 64, 2)",45,circulant_similarity,6.9550885
8532c4f,2026-02-20T15:48:38.993,NVIDIA A100 80GB PCIe,Float32,"(128, 128, 64, 2)",45,circulant_attention,13.85833
8532c4f,2026-02-20T15:48:38.993,NVIDIA A100 80GB PCIe,Float32,"(128, 128, 64, 2)",45,softmax,1.1402905
8532c4f,2026-02-20T15:48:38.993,NVIDIA A100 80GB PCIe,ComplexF32,"(128, 128, 64, 2)",5,circulant_similarity,0.243314
8532c4f,2026-02-20T15:48:38.993,NVIDIA A100 80GB PCIe,ComplexF32,"(128, 128, 64, 2)",5,circulant_attention,0.3599315
8532c4f,2026-02-20T15:48:38.993,NVIDIA A100 80GB PCIe,ComplexF32,"(128, 128, 64, 2)",5,softmax,0.0515125
8532c4f,2026-02-20T15:48:38.993,NVIDIA A100 80GB PCIe,ComplexF32,"(128, 128, 64, 2)",15,circulant_similarity,1.2517685
8532c4f,2026-02-20T15:48:38.993,NVIDIA A100 80GB PCIe,ComplexF32,"(128, 128, 64, 2)",15,circulant_attention,2.4708325
8532c4f,2026-02-20T15:48:38.993,NVIDIA A100 80GB PCIe,ComplexF32,"(128, 128, 64, 2)",15,softmax,0.1360715
8532c4f,2026-02-20T15:48:38.993,NVIDIA A100 80GB PCIe,ComplexF32,"(128, 128, 64, 2)",25,circulant_similarity,3.304894
8532c4f,2026-02-20T15:48:38.993,NVIDIA A100 80GB PCIe,ComplexF32,"(128, 128, 64, 2)",25,circulant_attention,6.588745
8532c4f,2026-02-20T15:48:38.993,NVIDIA A100 80GB PCIe,ComplexF32,"(128, 128, 64, 2)",25,softmax,0.458766
8532c4f,2026-02-20T15:48:38.993,NVIDIA A100 80GB PCIe,ComplexF32,"(128, 128, 64, 2)",35,circulant_similarity,6.258485
8532c4f,2026-02-20T15:48:38.993,NVIDIA A100 80GB PCIe,ComplexF32,"(128, 128, 64, 2)",35,circulant_attention,14.3386145
8532c4f,2026-02-20T15:48:38.993,NVIDIA A100 80GB PCIe,ComplexF32,"(128, 128, 64, 2)",35,softmax,0.716768
8532c4f,2026-02-20T15:48:38.993,NVIDIA A100 80GB PCIe,ComplexF32,"(128, 128, 64, 2)",45,circulant_similarity,9.99812
8532c4f,2026-02-20T15:48:38.993,NVIDIA A100 80GB PCIe,ComplexF32,"(128, 128, 64, 2)",45,circulant_attention,25.272483
8532c4f,2026-02-20T15:48:38.993,NVIDIA A100 80GB PCIe,ComplexF32,"(128, 128, 64, 2)",45,softmax,1.1326895
f5fc7ef,2026-04-22T12:10:51.859,NVIDIA A100 80GB PCIe,Float32,"(128, 128, 64, 2)",5,circulant_similarity,0.2794825,372.25371892694534
f5fc7ef,2026-04-22T12:10:51.859,NVIDIA A100 80GB PCIe,Float32,"(128, 128, 64, 2)",5,circulant_attention,0.2161595,475.3917732045087
f5fc7ef,2026-04-22T12:10:51.859,NVIDIA A100 80GB PCIe,Float32,"(128, 128, 64, 2)",5,softmax,0.037012,42496.05533340538
f5fc7ef,2026-04-22T12:10:51.859,NVIDIA A100 80GB PCIe,Float32,"(128, 128, 64, 2)",5,joint_softmax,0.651261,4830.210929258777
f5fc7ef,2026-04-22T12:10:51.859,NVIDIA A100 80GB PCIe,Float32,"(128, 128, 64, 2)",15,circulant_similarity,1.5927695,587.8726331713409
f5fc7ef,2026-04-22T12:10:51.859,NVIDIA A100 80GB PCIe,Float32,"(128, 128, 64, 2)",15,circulant_attention,1.4584595,645.6272855022713
f5fc7ef,2026-04-22T12:10:51.859,NVIDIA A100 80GB PCIe,Float32,"(128, 128, 64, 2)",15,softmax,0.100946,140231.17310245082
f5fc7ef,2026-04-22T12:10:51.859,NVIDIA A100 80GB PCIe,Float32,"(128, 128, 64, 2)",15,joint_softmax,4.914461,5760.866145849972
f5fc7ef,2026-04-22T12:10:51.859,NVIDIA A100 80GB PCIe,Float32,"(128, 128, 64, 2)",25,circulant_similarity,4.120709,631.1923506367473
f5fc7ef,2026-04-22T12:10:51.859,NVIDIA A100 80GB PCIe,Float32,"(128, 128, 64, 2)",25,circulant_attention,3.6843805,710.9316879730527
f5fc7ef,2026-04-22T12:10:51.859,NVIDIA A100 80GB PCIe,Float32,"(128, 128, 64, 2)",25,softmax,0.351626,111827.90806140615
f5fc7ef,2026-04-22T12:10:51.859,NVIDIA A100 80GB PCIe,Float32,"(128, 128, 64, 2)",25,joint_softmax,13.2425395,5938.679661857909
f5fc7ef,2026-04-22T12:10:51.859,NVIDIA A100 80GB PCIe,Float32,"(128, 128, 64, 2)",35,circulant_similarity,7.7310945,659.399726649312
f5fc7ef,2026-04-22T12:10:51.859,NVIDIA A100 80GB PCIe,Float32,"(128, 128, 64, 2)",35,circulant_attention,7.3104535,702.5453684918452
f5fc7ef,2026-04-22T12:10:51.859,NVIDIA A100 80GB PCIe,Float32,"(128, 128, 64, 2)",35,softmax,0.533452,144474.7343716023
f5fc7ef,2026-04-22T12:10:51.859,NVIDIA A100 80GB PCIe,Float32,"(128, 128, 64, 2)",35,joint_softmax,27.8812605,5528.468556864565
f5fc7ef,2026-04-22T12:10:51.859,NVIDIA A100 80GB PCIe,Float32,"(128, 128, 64, 2)",45,circulant_similarity,12.4703175,675.7735238096384
f5fc7ef,2026-04-22T12:10:51.859,NVIDIA A100 80GB PCIe,Float32,"(128, 128, 64, 2)",45,circulant_attention,13.6418945,622.4478900639497
f5fc7ef,2026-04-22T12:10:51.859,NVIDIA A100 80GB PCIe,Float32,"(128, 128, 64, 2)",45,softmax,0.8245645,154508.2088787475
f5fc7ef,2026-04-22T12:10:51.859,NVIDIA A100 80GB PCIe,Float32,"(128, 128, 64, 2)",45,joint_softmax,44.838483,5682.707151354786
f5fc7ef,2026-04-22T12:10:51.859,NVIDIA A100 80GB PCIe,ComplexF32,"(128, 128, 64, 2)",5,circulant_similarity,0.260073,400.03537468326203
f5fc7ef,2026-04-22T12:10:51.859,NVIDIA A100 80GB PCIe,ComplexF32,"(128, 128, 64, 2)",5,circulant_attention,0.3660645,280.7167807858998
f5fc7ef,2026-04-22T12:10:51.859,NVIDIA A100 80GB PCIe,ComplexF32,"(128, 128, 64, 2)",5,softmax,0.0369495,42567.937319855475
f5fc7ef,2026-04-22T12:10:51.859,NVIDIA A100 80GB PCIe,ComplexF32,"(128, 128, 64, 2)",5,joint_softmax,0.6503575,4836.9212317840565
f5fc7ef,2026-04-22T12:10:51.859,NVIDIA A100 80GB PCIe,ComplexF32,"(128, 128, 64, 2)",15,circulant_similarity,1.337699,699.9673319633191
f5fc7ef,2026-04-22T12:10:51.859,NVIDIA A100 80GB PCIe,ComplexF32,"(128, 128, 64, 2)",15,circulant_attention,2.6052175,361.43671228985676
f5fc7ef,2026-04-22T12:10:51.859,NVIDIA A100 80GB PCIe,ComplexF32,"(128, 128, 64, 2)",15,softmax,0.100951,140224.22759556616
f5fc7ef,2026-04-22T12:10:51.859,NVIDIA A100 80GB PCIe,ComplexF32,"(128, 128, 64, 2)",15,joint_softmax,4.910117,5765.962806996249
f5fc7ef,2026-04-22T12:10:51.859,NVIDIA A100 80GB PCIe,ComplexF32,"(128, 128, 64, 2)",25,circulant_similarity,3.555446,731.5425406545339
f5fc7ef,2026-04-22T12:10:51.859,NVIDIA A100 80GB PCIe,ComplexF32,"(128, 128, 64, 2)",25,circulant_attention,7.1096935,368.41853281016967
f5fc7ef,2026-04-22T12:10:51.859,NVIDIA A100 80GB PCIe,ComplexF32,"(128, 128, 64, 2)",25,softmax,0.351304,111930.40785188897
f5fc7ef,2026-04-22T12:10:51.859,NVIDIA A100 80GB PCIe,ComplexF32,"(128, 128, 64, 2)",25,joint_softmax,13.236014,5941.607496033171
f5fc7ef,2026-04-22T12:10:51.859,NVIDIA A100 80GB PCIe,ComplexF32,"(128, 128, 64, 2)",35,circulant_similarity,6.8135425,748.1984004649564
f5fc7ef,2026-04-22T12:10:51.859,NVIDIA A100 80GB PCIe,ComplexF32,"(128, 128, 64, 2)",35,circulant_attention,15.5037585,331.2696884436119
f5fc7ef,2026-04-22T12:10:51.859,NVIDIA A100 80GB PCIe,ComplexF32,"(128, 128, 64, 2)",35,softmax,0.532262,144797.7424651769
f5fc7ef,2026-04-22T12:10:51.859,NVIDIA A100 80GB PCIe,ComplexF32,"(128, 128, 64, 2)",35,joint_softmax,27.8750575,5529.698799724449
f5fc7ef,2026-04-22T12:10:51.859,NVIDIA A100 80GB PCIe,ComplexF32,"(128, 128, 64, 2)",45,circulant_similarity,10.9691615,768.254747639553
f5fc7ef,2026-04-22T12:10:51.859,NVIDIA A100 80GB PCIe,ComplexF32,"(128, 128, 64, 2)",45,circulant_attention,27.48256,308.97297951864743
f5fc7ef,2026-04-22T12:10:51.859,NVIDIA A100 80GB PCIe,ComplexF32,"(128, 128, 64, 2)",45,softmax,0.8219215,155005.0509689794
f5fc7ef,2026-04-22T12:10:51.859,NVIDIA A100 80GB PCIe,ComplexF32,"(128, 128, 64, 2)",45,joint_softmax,44.85702,5680.358793339371
02005a3,2026-04-22T12:46:17.954,NVIDIA A100 80GB PCIe,Float32,"(128, 128, 64, 2)",5,circulant_similarity,0.1762255,590.3708600628173
02005a3,2026-04-22T12:46:17.954,NVIDIA A100 80GB PCIe,Float32,"(128, 128, 64, 2)",5,circulant_attention,0.2187585,469.74379509824763
02005a3,2026-04-22T12:46:17.954,NVIDIA A100 80GB PCIe,Float32,"(128, 128, 64, 2)",5,softmax,0.037222,42256.30003761217
02005a3,2026-04-22T12:46:17.954,NVIDIA A100 80GB PCIe,Float32,"(128, 128, 64, 2)",5,joint_softmax,0.645495,4873.357655752561
02005a3,2026-04-22T12:46:17.954,NVIDIA A100 80GB PCIe,Float32,"(128, 128, 64, 2)",15,circulant_similarity,0.8474,1104.9629454802928
02005a3,2026-04-22T12:46:17.954,NVIDIA A100 80GB PCIe,Float32,"(128, 128, 64, 2)",15,circulant_attention,1.4552715,647.0416331248155
02005a3,2026-04-22T12:46:17.954,NVIDIA A100 80GB PCIe,Float32,"(128, 128, 64, 2)",15,softmax,0.102543,138047.21921535357
02005a3,2026-04-22T12:46:17.954,NVIDIA A100 80GB PCIe,Float32,"(128, 128, 64, 2)",15,joint_softmax,4.903752,5773.4469442989775
02005a3,2026-04-22T12:46:17.954,NVIDIA A100 80GB PCIe,Float32,"(128, 128, 64, 2)",25,circulant_similarity,2.2053175,1179.4038726849988
02005a3,2026-04-22T12:46:17.954,NVIDIA A100 80GB PCIe,Float32,"(128, 128, 64, 2)",25,circulant_attention,3.669181,713.8767065456842
02005a3,2026-04-22T12:46:17.954,NVIDIA A100 80GB PCIe,Float32,"(128, 128, 64, 2)",25,softmax,0.350018,112341.65100080566
02005a3,2026-04-22T12:46:17.954,NVIDIA A100 80GB PCIe,Float32,"(128, 128, 64, 2)",25,joint_softmax,13.2249785,5946.565432979721
02005a3,2026-04-22T12:46:17.954,NVIDIA A100 80GB PCIe,Float32,"(128, 128, 64, 2)",35,circulant_similarity,4.395468,1159.8040527197559
02005a3,2026-04-22T12:46:17.954,NVIDIA A100 80GB PCIe,Float32,"(128, 128, 64, 2)",35,circulant_attention,7.333736,700.3149892496812
02005a3,2026-04-22T12:46:17.954,NVIDIA A100 80GB PCIe,Float32,"(128, 128, 64, 2)",35,softmax,0.5281425,145927.16170351754
02005a3,2026-04-22T12:46:17.954,NVIDIA A100 80GB PCIe,Float32,"(128, 128, 64, 2)",35,joint_softmax,27.875938,5529.524136551027
02005a3,2026-04-22T12:46:17.954,NVIDIA A100 80GB PCIe,Float32,"(128, 128, 64, 2)",45,circulant_similarity,7.1465165,1179.1913444823083
02005a3,2026-04-22T12:46:17.954,NVIDIA A100 80GB PCIe,Float32,"(128, 128, 64, 2)",45,circulant_attention,13.586397,624.9904553797448
02005a3,2026-04-22T12:46:17.954,NVIDIA A100 80GB PCIe,Float32,"(128, 128, 64, 2)",45,softmax,0.813081,156690.39615979217
02005a3,2026-04-22T12:46:17.954,NVIDIA A100 80GB PCIe,Float32,"(128, 128, 64, 2)",45,joint_softmax,44.8311175,5683.640788119993
02005a3,2026-04-22T12:46:17.954,NVIDIA A100 80GB PCIe,ComplexF32,"(128, 128, 64, 2)",5,circulant_similarity,0.2520135,412.82867782876707
02005a3,2026-04-22T12:46:17.954,NVIDIA A100 80GB PCIe,ComplexF32,"(128, 128, 64, 2)",5,circulant_attention,0.3626685,283.3453911767909
02005a3,2026-04-22T12:46:17.954,NVIDIA A100 80GB PCIe,ComplexF32,"(128, 128, 64, 2)",5,softmax,0.036662,42901.75113196225
02005a3,2026-04-22T12:46:17.954,NVIDIA A100 80GB PCIe,ComplexF32,"(128, 128, 64, 2)",5,joint_softmax,0.645933,4870.0530860011795
02005a3,2026-04-22T12:46:17.954,NVIDIA A100 80GB PCIe,ComplexF32,"(128, 128, 64, 2)",15,circulant_similarity,1.292403,724.4997110034565
02005a3,2026-04-22T12:46:17.954,NVIDIA A100 80GB PCIe,ComplexF32,"(128, 128, 64, 2)",15,circulant_attention,2.596311,362.67660076161906
02005a3,2026-04-22T12:46:17.954,NVIDIA A100 80GB PCIe,ComplexF32,"(128, 128, 64, 2)",15,softmax,0.101235,139830.84901466884
02005a3,2026-04-22T12:46:17.954,NVIDIA A100 80GB PCIe,ComplexF32,"(128, 128, 64, 2)",15,joint_softmax,4.8991265,5778.897932110958
02005a3,2026-04-22T12:46:17.954,NVIDIA A100 80GB PCIe,ComplexF32,"(128, 128, 64, 2)",25,circulant_similarity,3.3773045,770.1289593520513
02005a3,2026-04-22T12:46:17.954,NVIDIA A100 80GB PCIe,ComplexF32,"(128, 128, 64, 2)",25,circulant_attention,7.130814,367.3273272868988
02005a3,2026-04-22T12:46:17.954,NVIDIA A100 80GB PCIe,ComplexF32,"(128, 128, 64, 2)",25,softmax,0.3499015,112379.05524840564
02005a3,2026-04-22T12:46:17.954,NVIDIA A100 80GB PCIe,ComplexF32,"(128, 128, 64, 2)",25,joint_softmax,13.222821,5947.5357036142295
02005a3,2026-04-22T12:46:17.954,NVIDIA A100 80GB PCIe,ComplexF32,"(128, 128, 64, 2)",35,circulant_similarity,6.5906015,773.5077898428542
02005a3,2026-04-22T12:46:17.954,NVIDIA A100 80GB PCIe,ComplexF32,"(128, 128, 64, 2)",35,circulant_attention,15.4596965,332.2138470182775
02005a3,2026-04-22T12:46:17.954,NVIDIA A100 80GB PCIe,ComplexF32,"(128, 128, 64, 2)",35,softmax,0.5271505,146201.769703339
02005a3,2026-04-22T12:46:17.954,NVIDIA A100 80GB PCIe,ComplexF32,"(128, 128, 64, 2)",35,joint_softmax,27.8824895,5528.224873894421
02005a3,2026-04-22T12:46:17.954,NVIDIA A100 80GB PCIe,ComplexF32,"(128, 128, 64, 2)",45,circulant_similarity,10.556791,798.2643968228602
02005a3,2026-04-22T12:46:17.954,NVIDIA A100 80GB PCIe,ComplexF32,"(128, 128, 64, 2)",45,circulant_attention,27.6617005,306.9720333354054
02005a3,2026-04-22T12:46:17.954,NVIDIA A100 80GB PCIe,ComplexF32,"(128, 128, 64, 2)",45,softmax,0.813291,156649.93710738225
02005a3,2026-04-22T12:46:17.954,NVIDIA A100 80GB PCIe,ComplexF32,"(128, 128, 64, 2)",45,joint_softmax,44.822697,5684.708530591099
